<?xml version="1.0" encoding="UTF-8"?>
<!DOCTYPE mapper 
PUBLIC "-//mybatis.org//DTD Mapper 3.0//EN" 
"http://mybatis.org/dtd/mybatis-3-mapper.dtd" >

<mapper namespace="org.mapper.movie">

	<insert id="memberjoin" parameterType="org.Dto.memDto">
	insert into mem_t values( #{id} , #{pw} , #{name} , #{tel} )	
	</insert>

	<select id="login_id" parameterType="Map" resultType="org.Dto.memDto">
		select * from mem_t where id=#{id} and pw=#{pw}
	</select>
	
	<insert id="insertbook" parameterType="org.Dto.bookDto">
		insert into book_t values(#{id},#{movie},#{ddate},#{time},#{seat})
	</insert>
	
	<select id="book_id" resultType="org.Dto.bookDto" parameterType="org.Dto.memDto">
		select * from book_t where id = #{id}	
	</select>
	
	<select id="movieList" resultType="org.Dto.movieDto" >
		select * from movie
	</select>
	
	<delete id="withdraw_book" parameterType="org.Dto.memDto">
		delete from book_t where id= #{id}
	</delete>
	
	<delete id="withdraw_mem" parameterType="org.Dto.memDto">
		delete from mem_t where id= #{id}
	</delete>
	
	<select id="seat_check" parameterType="org.Dto.bookDto" resultType="String">
		select seat from book_t where movie=#{movie} and ddate=#{ddate} and time=#{time}
	</select>	
	
	<select id="reviewOne" parameterType="int" resultType="org.Dto.reviewDto">
		select * from review where idx=#{idx}
	</select>
	
	<select id="select_total_record" resultType="int">
		SELECT COUNT(*) FROM review
	</select>
	
	<select id="select_board_by_map" parameterType="Map" resultType="org.Dto.reviewDto">
		SELECT	* FROM
		(SELECT	ROWNUM R_NUM, A.* FROM
		(SELECT * FROM review ORDER BY idx asc) A)
		WHERE R_NUM BETWEEN #{begin} AND #{end}
	</select>
	
	<select id="booked_id" resultType="String" parameterType="String">
		select distinct movie from book_t where id =#{id}
	</select>
	
	<insert id="insertReview" parameterType="org.Dto.reviewDto">
	insert into review values( #{title}, #{content},#{star},#{movie_name},#{id},sysdate,seq_review.nextval )	
	</insert>
</mapper>
